<?xml version="1.0" encoding="UTF-8"?>  
<beans  
    xmlns="http://www.springframework.org/schema/beans"  
    xmlns:xsi="http://www.w3.org/2001/XMLSchema-instance"  
    xmlns:p="http://www.springframework.org/schema/p"  
    xsi:schemaLocation="http://www.springframework.org/schema/beans  
               http://www.springframework.org/schema/beans/spring-beans-3.0.xsd">  
  
<bean id="ques1" class="Questions">

	<property name="ques" value="What is RAM?" />
	<property name="options" >
	<list>
	<value>Random Access Memory</value>
	<value>Read Only Memory</value>
	<value>Random any Memory</value>
	<value>Read Access Memory</value>
	
	</list>
	
	
	
	</property>

</bean>

</beans>  